		chair
I	Mo1: Invited Papers	R. Gluckstern
II	Mo2: Invited Papers	S. Schriber
III	Mo3: Contributed Poster Papers	R. York
IV	Tu1: Invited Papers	S. Tazzari
V	Tu2: Invited Papers	P. Debenham
VI	We1: Invited Papers	R. Palmer
VII	We2: Invited Papers	G. Neill
VIII	We3: Contributed Poster Papers	B. Newnam
IX	We4: Invited Papers	J. Staples
X	Th1: Invited Papers	W. Schnell
XI	Th2: Invited Papers	C. Pellegrini
XII	Th3: Contributed Poster Papers	R. Miller
XIII	Fr1: Invited Papers	A. Sessler
XIV	Fr2: Invited Papers	C. Leemann
