Volume 1	Opening Plenary Session
Volume 1	High Energy Accelerators, Colliders, Novel Methods
Volume 1	Free Electron Lasers
Volume 1	Low Energy Accelerators and Ion Sources
Volume 1	Synchrotron Light Sources, Radiation Sources
Volume 1	Instrumentation and Control
Volume 2	Instrumentation and Control (Continued)
Volume 2	Accelerators for Medium Energies and Nuclear Physics
Volume 2	High Current Accelerators
Volume 2	Beam Dynamics
Volume 3	Accelerator Technology I
Volume 3	Accelerator Technology II
Volume 3	Accelerator Applications
Volume 3	Closing Plenary Session
